SERVICELEVEL;CALENDAR;OPERATINGDAY;PIECETYPE;STARTINGDATE;ENDINGDATE;LINE;LINEBASIN;LINECOMPANY;PATTERN;DIRECTION;TRIPCODE;TRIPCOMPANYCODE;ACTIVITYNUMBER;LENGTH;VEHBLOCKID;DEPOT;VEHICLETYPE;VBLINE;VB_LINEBASIN;VB_LINECOMPANY;PIECEORDER;ARRIVALTIME;DEPARTURETIME;NODE;NODEBASIN;NODECOMPANY;PASSAGEORDER;BLOCK;LINE_EXCEL;EXCEL_NAME;DUTY
F1;;ΚΑΘΗΜΕΡΙΝΗ-ΣΑΒΒΑΤΟ-Χ;Revenue;2025-07-01;2025-08-31;02X;OASTH;Def;2702_1;0;581282710;581282710;581282710;;;;;;;;;05:35:00;05:35:00;N1487;OSETH;Def;1;7801;02X;line02X (2025 08).xlsx;7801_1
F1;;ΚΑΘΗΜΕΡΙΝΗ-ΣΑΒΒΑΤΟ-Χ;Revenue;2025-07-01;2025-08-31;02X;OASTH;Def;2702_1;0;581282710;581282710;581282710;;;;;;;;;05:55:00;05:55:00;N36013;OSETH;Def;2;7801;02X;line02X (2025 08).xlsx;7801_1
F1;;ΚΑΘΗΜΕΡΙΝΗ-ΣΑΒΒΑΤΟ-Χ;Revenue;2025-07-01;2025-08-31;02X;OASTH;Def;2702_1;0;386277048;386277048;386277048;;;;;;;;;06:00:00;06:00:00;N1487;OSETH;Def;1;7802;02X;line02X (2025 08).xlsx;7802_1
F1;;ΚΑΘΗΜΕΡΙΝΗ-ΣΑΒΒΑΤΟ-Χ;Revenue;2025-07-01;2025-08-31;02X;OASTH;Def;2702_1;0;386277048;386277048;386277048;;;;;;;;;06:20:00;06:20:00;N36013;OSETH;Def;2;7802;02X;line02X (2025 08).xlsx;7802_1
F1;;ΚΑΘΗΜΕΡΙΝΗ-ΣΑΒΒΑΤΟ-Χ;Revenue;2025-07-01;2025-08-31;02X;OASTH;Def;2702_1;0;531743831;531743831;531743831;;;;;;;;;06:30:00;06:30:00;N1487;OSETH;Def;1;7801;02X;line02X (2025 08).xlsx;7801_1
F1;;ΚΑΘΗΜΕΡΙΝΗ-ΣΑΒΒΑΤΟ-Χ;Revenue;2025-07-01;2025-08-31;02X;OASTH;Def;2702_1;0;531743831;531743831;531743831;;;;;;;;;06:50:00;06:50:00;N36013;OSETH;Def;2;7801;02X;line02X (2025 08).xlsx;7801_1
F1;;ΚΑΘΗΜΕΡΙΝΗ-ΣΑΒΒΑΤΟ-Χ;Revenue;2025-07-01;2025-08-31;02X;OASTH;Def;2702_1;0;916046136;916046136;916046136;;;;;;;;;07:00:00;07:00:00;N1487;OSETH;Def;1;7802;02X;line02X (2025 08).xlsx;7802_1
F1;;ΚΑΘΗΜΕΡΙΝΗ-ΣΑΒΒΑΤΟ-Χ;Revenue;2025-07-01;2025-08-31;02X;OASTH;Def;2702_1;0;916046136;916046136;916046136;;;;;;;;;07:20:00;07:20:00;N36013;OSETH;Def;2;7802;02X;line02X (2025 08).xlsx;7802_1
F1;;ΚΑΘΗΜΕΡΙΝΗ-ΣΑΒΒΑΤΟ-Χ;Revenue;2025-07-01;2025-08-31;02X;OASTH;Def;2702_1;0;735702682;735702682;735702682;;;;;;;;;07:30:00;07:30:00;N1487;OSETH;Def;1;7801;02X;line02X (2025 08).xlsx;7801_1
F1;;ΚΑΘΗΜΕΡΙΝΗ-ΣΑΒΒΑΤΟ-Χ;Revenue;2025-07-01;2025-08-31;02X;OASTH;Def;2702_1;0;735702682;735702682;735702682;;;;;;;;;07:50:00;07:50:00;N36013;OSETH;Def;2;7801;02X;line02X (2025 08).xlsx;7801_1
F1;;ΚΑΘΗΜΕΡΙΝΗ-ΣΑΒΒΑΤΟ-Χ;Revenue;2025-07-01;2025-08-31;02X;OASTH;Def;2702_1;0;603900106;603900106;603900106;;;;;;;;;08:00:00;08:00:00;N1487;OSETH;Def;1;7802;02X;line02X (2025 08).xlsx;7802_1
F1;;ΚΑΘΗΜΕΡΙΝΗ-ΣΑΒΒΑΤΟ-Χ;Revenue;2025-07-01;2025-08-31;02X;OASTH;Def;2702_1;0;603900106;603900106;603900106;;;;;;;;;08:20:00;08:20:00;N36013;OSETH;Def;2;7802;02X;line02X (2025 08).xlsx;7802_1
F1;;ΚΑΘΗΜΕΡΙΝΗ-ΣΑΒΒΑΤΟ-Χ;Revenue;2025-07-01;2025-08-31;02X;OASTH;Def;2702_1;0;933824205;933824205;933824205;;;;;;;;;08:20:00;08:20:00;N1487;OSETH;Def;1;7801;02X;line02X (2025 08).xlsx;7801_1
F1;;ΚΑΘΗΜΕΡΙΝΗ-ΣΑΒΒΑΤΟ-Χ;Revenue;2025-07-01;2025-08-31;02X;OASTH;Def;2702_1;0;933824205;933824205;933824205;;;;;;;;;08:40:00;08:40:00;N36013;OSETH;Def;2;7801;02X;line02X (2025 08).xlsx;7801_1
F1;;ΚΑΘΗΜΕΡΙΝΗ-ΣΑΒΒΑΤΟ-Χ;Revenue;2025-07-01;2025-08-31;02X;OASTH;Def;2702_1;0;667503051;667503051;667503051;;;;;;;;;08:40:00;08:40:00;N1487;OSETH;Def;1;7803;02X;line02X (2025 08).xlsx;7803_1
F1;;ΚΑΘΗΜΕΡΙΝΗ-ΣΑΒΒΑΤΟ-Χ;Revenue;2025-07-01;2025-08-31;02X;OASTH;Def;2702_1;0;667503051;667503051;667503051;;;;;;;;;09:00:00;09:00:00;N36013;OSETH;Def;2;7803;02X;line02X (2025 08).xlsx;7803_1
F1;;ΚΑΘΗΜΕΡΙΝΗ-ΣΑΒΒΑΤΟ-Χ;Revenue;2025-07-01;2025-08-31;02X;OASTH;Def;2702_1;0;656806542;656806542;656806542;;;;;;;;;09:00:00;09:00:00;N1487;OSETH;Def;1;7802;02X;line02X (2025 08).xlsx;7802_1
F1;;ΚΑΘΗΜΕΡΙΝΗ-ΣΑΒΒΑΤΟ-Χ;Revenue;2025-07-01;2025-08-31;02X;OASTH;Def;2702_1;0;656806542;656806542;656806542;;;;;;;;;09:20:00;09:20:00;N36013;OSETH;Def;2;7802;02X;line02X (2025 08).xlsx;7802_1
F1;;ΚΑΘΗΜΕΡΙΝΗ-ΣΑΒΒΑΤΟ-Χ;Revenue;2025-07-01;2025-08-31;02X;OASTH;Def;2702_1;0;609630945;609630945;609630945;;;;;;;;;09:20:00;09:20:00;N1487;OSETH;Def;1;7801;02X;line02X (2025 08).xlsx;7801_1
F1;;ΚΑΘΗΜΕΡΙΝΗ-ΣΑΒΒΑΤΟ-Χ;Revenue;2025-07-01;2025-08-31;02X;OASTH;Def;2702_1;0;609630945;609630945;609630945;;;;;;;;;09:40:00;09:40:00;N36013;OSETH;Def;2;7801;02X;line02X (2025 08).xlsx;7801_1
F1;;ΚΑΘΗΜΕΡΙΝΗ-ΣΑΒΒΑΤΟ-Χ;Revenue;2025-07-01;2025-08-31;02X;OASTH;Def;2702_1;0;726792353;726792353;726792353;;;;;;;;;09:40:00;09:40:00;N1487;OSETH;Def;1;7803;02X;line02X (2025 08).xlsx;7803_1
F1;;ΚΑΘΗΜΕΡΙΝΗ-ΣΑΒΒΑΤΟ-Χ;Revenue;2025-07-01;2025-08-31;02X;OASTH;Def;2702_1;0;726792353;726792353;726792353;;;;;;;;;10:00:00;10:00:00;N36013;OSETH;Def;2;7803;02X;line02X (2025 08).xlsx;7803_1
F1;;ΚΑΘΗΜΕΡΙΝΗ-ΣΑΒΒΑΤΟ-Χ;Revenue;2025-07-01;2025-08-31;02X;OASTH;Def;2702_1;0;153697431;153697431;153697431;;;;;;;;;10:00:00;10:00:00;N1487;OSETH;Def;1;7802;02X;line02X (2025 08).xlsx;7802_1
F1;;ΚΑΘΗΜΕΡΙΝΗ-ΣΑΒΒΑΤΟ-Χ;Revenue;2025-07-01;2025-08-31;02X;OASTH;Def;2702_1;0;153697431;153697431;153697431;;;;;;;;;10:20:00;10:20:00;N36013;OSETH;Def;2;7802;02X;line02X (2025 08).xlsx;7802_1
F1;;ΚΑΘΗΜΕΡΙΝΗ-ΣΑΒΒΑΤΟ-Χ;Revenue;2025-07-01;2025-08-31;02X;OASTH;Def;2702_1;0;956245254;956245254;956245254;;;;;;;;;10:30:00;10:30:00;N1487;OSETH;Def;1;7801;02X;line02X (2025 08).xlsx;7801_1
F1;;ΚΑΘΗΜΕΡΙΝΗ-ΣΑΒΒΑΤΟ-Χ;Revenue;2025-07-01;2025-08-31;02X;OASTH;Def;2702_1;0;956245254;956245254;956245254;;;;;;;;;10:50:00;10:50:00;N36013;OSETH;Def;2;7801;02X;line02X (2025 08).xlsx;7801_1
F1;;ΚΑΘΗΜΕΡΙΝΗ-ΣΑΒΒΑΤΟ-Χ;Revenue;2025-07-01;2025-08-31;02X;OASTH;Def;2702_1;0;398090106;398090106;398090106;;;;;;;;;10:50:00;10:50:00;N1487;OSETH;Def;1;7803;02X;line02X (2025 08).xlsx;7803_1
F1;;ΚΑΘΗΜΕΡΙΝΗ-ΣΑΒΒΑΤΟ-Χ;Revenue;2025-07-01;2025-08-31;02X;OASTH;Def;2702_1;0;398090106;398090106;398090106;;;;;;;;;11:10:00;11:10:00;N36013;OSETH;Def;2;7803;02X;line02X (2025 08).xlsx;7803_1
F1;;ΚΑΘΗΜΕΡΙΝΗ-ΣΑΒΒΑΤΟ-Χ;Revenue;2025-07-01;2025-08-31;02X;OASTH;Def;2702_1;0;188893508;188893508;188893508;;;;;;;;;11:10:00;11:10:00;N1487;OSETH;Def;1;7802;02X;line02X (2025 08).xlsx;7802_1
F1;;ΚΑΘΗΜΕΡΙΝΗ-ΣΑΒΒΑΤΟ-Χ;Revenue;2025-07-01;2025-08-31;02X;OASTH;Def;2702_1;0;188893508;188893508;188893508;;;;;;;;;11:30:00;11:30:00;N36013;OSETH;Def;2;7802;02X;line02X (2025 08).xlsx;7802_1
F1;;ΚΑΘΗΜΕΡΙΝΗ-ΣΑΒΒΑΤΟ-Χ;Revenue;2025-07-01;2025-08-31;02X;OASTH;Def;2702_1;0;197880426;197880426;197880426;;;;;;;;;11:30:00;11:30:00;N1487;OSETH;Def;1;7801;02X;line02X (2025 08).xlsx;7801_1
F1;;ΚΑΘΗΜΕΡΙΝΗ-ΣΑΒΒΑΤΟ-Χ;Revenue;2025-07-01;2025-08-31;02X;OASTH;Def;2702_1;0;197880426;197880426;197880426;;;;;;;;;11:50:00;11:50:00;N36013;OSETH;Def;2;7801;02X;line02X (2025 08).xlsx;7801_1
F1;;ΚΑΘΗΜΕΡΙΝΗ-ΣΑΒΒΑΤΟ-Χ;Revenue;2025-07-01;2025-08-31;02X;OASTH;Def;2702_1;0;371946890;371946890;371946890;;;;;;;;;11:50:00;11:50:00;N1487;OSETH;Def;1;7803;02X;line02X (2025 08).xlsx;7803_1
F1;;ΚΑΘΗΜΕΡΙΝΗ-ΣΑΒΒΑΤΟ-Χ;Revenue;2025-07-01;2025-08-31;02X;OASTH;Def;2702_1;0;371946890;371946890;371946890;;;;;;;;;12:10:00;12:10:00;N36013;OSETH;Def;2;7803;02X;line02X (2025 08).xlsx;7803_1
F1;;ΚΑΘΗΜΕΡΙΝΗ-ΣΑΒΒΑΤΟ-Χ;Revenue;2025-07-01;2025-08-31;02X;OASTH;Def;2702_1;0;167203233;167203233;167203233;;;;;;;;;12:10:00;12:10:00;N1487;OSETH;Def;1;7802;02X;line02X (2025 08).xlsx;7802_1
F1;;ΚΑΘΗΜΕΡΙΝΗ-ΣΑΒΒΑΤΟ-Χ;Revenue;2025-07-01;2025-08-31;02X;OASTH;Def;2702_1;0;167203233;167203233;167203233;;;;;;;;;12:30:00;12:30:00;N36013;OSETH;Def;2;7802;02X;line02X (2025 08).xlsx;7802_1
F1;;ΚΑΘΗΜΕΡΙΝΗ-ΣΑΒΒΑΤΟ-Χ;Revenue;2025-07-01;2025-08-31;02X;OASTH;Def;2702_1;0;690706501;690706501;690706501;;;;;;;;;12:25:00;12:25:00;N1487;OSETH;Def;1;7801;02X;line02X (2025 08).xlsx;7801_1
F1;;ΚΑΘΗΜΕΡΙΝΗ-ΣΑΒΒΑΤΟ-Χ;Revenue;2025-07-01;2025-08-31;02X;OASTH;Def;2702_1;0;690706501;690706501;690706501;;;;;;;;;12:45:00;12:45:00;N36013;OSETH;Def;2;7801;02X;line02X (2025 08).xlsx;7801_1
F1;;ΚΑΘΗΜΕΡΙΝΗ-ΣΑΒΒΑΤΟ-Χ;Revenue;2025-07-01;2025-08-31;02X;OASTH;Def;2702_1;0;711281056;711281056;711281056;;;;;;;;;12:45:00;12:45:00;N1487;OSETH;Def;1;7803;02X;line02X (2025 08).xlsx;7803_1
F1;;ΚΑΘΗΜΕΡΙΝΗ-ΣΑΒΒΑΤΟ-Χ;Revenue;2025-07-01;2025-08-31;02X;OASTH;Def;2702_1;0;711281056;711281056;711281056;;;;;;;;;13:05:00;13:05:00;N36013;OSETH;Def;2;7803;02X;line02X (2025 08).xlsx;7803_1
F1;;ΚΑΘΗΜΕΡΙΝΗ-ΣΑΒΒΑΤΟ-Χ;Revenue;2025-07-01;2025-08-31;02X;OASTH;Def;2702_1;0;533288897;533288897;533288897;;;;;;;;;13:05:00;13:05:00;N1487;OSETH;Def;1;7802;02X;line02X (2025 08).xlsx;7802_1
F1;;ΚΑΘΗΜΕΡΙΝΗ-ΣΑΒΒΑΤΟ-Χ;Revenue;2025-07-01;2025-08-31;02X;OASTH;Def;2702_1;0;533288897;533288897;533288897;;;;;;;;;13:25:00;13:25:00;N36013;OSETH;Def;2;7802;02X;line02X (2025 08).xlsx;7802_1
F1;;ΚΑΘΗΜΕΡΙΝΗ-ΣΑΒΒΑΤΟ-Χ;Revenue;2025-07-01;2025-08-31;02X;OASTH;Def;2702_1;0;290449083;290449083;290449083;;;;;;;;;13:25:00;13:25:00;N1487;OSETH;Def;1;7801;02X;line02X (2025 08).xlsx;7801_2
F1;;ΚΑΘΗΜΕΡΙΝΗ-ΣΑΒΒΑΤΟ-Χ;Revenue;2025-07-01;2025-08-31;02X;OASTH;Def;2702_1;0;290449083;290449083;290449083;;;;;;;;;13:45:00;13:45:00;N36013;OSETH;Def;2;7801;02X;line02X (2025 08).xlsx;7801_2
F1;;ΚΑΘΗΜΕΡΙΝΗ-ΣΑΒΒΑΤΟ-Χ;Revenue;2025-07-01;2025-08-31;02X;OASTH;Def;2702_1;0;600919271;600919271;600919271;;;;;;;;;13:45:00;13:45:00;N1487;OSETH;Def;1;7803;02X;line02X (2025 08).xlsx;7803_1
F1;;ΚΑΘΗΜΕΡΙΝΗ-ΣΑΒΒΑΤΟ-Χ;Revenue;2025-07-01;2025-08-31;02X;OASTH;Def;2702_1;0;600919271;600919271;600919271;;;;;;;;;14:05:00;14:05:00;N36013;OSETH;Def;2;7803;02X;line02X (2025 08).xlsx;7803_1
F1;;ΚΑΘΗΜΕΡΙΝΗ-ΣΑΒΒΑΤΟ-Χ;Revenue;2025-07-01;2025-08-31;02X;OASTH;Def;2702_1;0;671218670;671218670;671218670;;;;;;;;;14:05:00;14:05:00;N1487;OSETH;Def;1;7802;02X;line02X (2025 08).xlsx;7802_2
F1;;ΚΑΘΗΜΕΡΙΝΗ-ΣΑΒΒΑΤΟ-Χ;Revenue;2025-07-01;2025-08-31;02X;OASTH;Def;2702_1;0;671218670;671218670;671218670;;;;;;;;;14:25:00;14:25:00;N36013;OSETH;Def;2;7802;02X;line02X (2025 08).xlsx;7802_2
F1;;ΚΑΘΗΜΕΡΙΝΗ-ΣΑΒΒΑΤΟ-Χ;Revenue;2025-07-01;2025-08-31;02X;OASTH;Def;2702_1;0;436771019;436771019;436771019;;;;;;;;;14:25:00;14:25:00;N1487;OSETH;Def;1;7801;02X;line02X (2025 08).xlsx;7801_2
F1;;ΚΑΘΗΜΕΡΙΝΗ-ΣΑΒΒΑΤΟ-Χ;Revenue;2025-07-01;2025-08-31;02X;OASTH;Def;2702_1;0;436771019;436771019;436771019;;;;;;;;;14:45:00;14:45:00;N36013;OSETH;Def;2;7801;02X;line02X (2025 08).xlsx;7801_2
F1;;ΚΑΘΗΜΕΡΙΝΗ-ΣΑΒΒΑΤΟ-Χ;Revenue;2025-07-01;2025-08-31;02X;OASTH;Def;2702_1;0;394695173;394695173;394695173;;;;;;;;;14:45:00;14:45:00;N1487;OSETH;Def;1;7803;02X;line02X (2025 08).xlsx;7803_1
F1;;ΚΑΘΗΜΕΡΙΝΗ-ΣΑΒΒΑΤΟ-Χ;Revenue;2025-07-01;2025-08-31;02X;OASTH;Def;2702_1;0;394695173;394695173;394695173;;;;;;;;;15:05:00;15:05:00;N36013;OSETH;Def;2;7803;02X;line02X (2025 08).xlsx;7803_1
F1;;ΚΑΘΗΜΕΡΙΝΗ-ΣΑΒΒΑΤΟ-Χ;Revenue;2025-07-01;2025-08-31;02X;OASTH;Def;2702_1;0;989177289;989177289;989177289;;;;;;;;;15:05:00;15:05:00;N1487;OSETH;Def;1;7802;02X;line02X (2025 08).xlsx;7802_2
F1;;ΚΑΘΗΜΕΡΙΝΗ-ΣΑΒΒΑΤΟ-Χ;Revenue;2025-07-01;2025-08-31;02X;OASTH;Def;2702_1;0;989177289;989177289;989177289;;;;;;;;;15:25:00;15:25:00;N36013;OSETH;Def;2;7802;02X;line02X (2025 08).xlsx;7802_2
F1;;ΚΑΘΗΜΕΡΙΝΗ-ΣΑΒΒΑΤΟ-Χ;Revenue;2025-07-01;2025-08-31;02X;OASTH;Def;2702_1;0;848347628;848347628;848347628;;;;;;;;;15:25:00;15:25:00;N1487;OSETH;Def;1;7801;02X;line02X (2025 08).xlsx;7801_2
F1;;ΚΑΘΗΜΕΡΙΝΗ-ΣΑΒΒΑΤΟ-Χ;Revenue;2025-07-01;2025-08-31;02X;OASTH;Def;2702_1;0;848347628;848347628;848347628;;;;;;;;;15:45:00;15:45:00;N36013;OSETH;Def;2;7801;02X;line02X (2025 08).xlsx;7801_2
F1;;ΚΑΘΗΜΕΡΙΝΗ-ΣΑΒΒΑΤΟ-Χ;Revenue;2025-07-01;2025-08-31;02X;OASTH;Def;2702_1;0;209840335;209840335;209840335;;;;;;;;;15:45:00;15:45:00;N1487;OSETH;Def;1;7803;02X;line02X (2025 08).xlsx;7803_1
F1;;ΚΑΘΗΜΕΡΙΝΗ-ΣΑΒΒΑΤΟ-Χ;Revenue;2025-07-01;2025-08-31;02X;OASTH;Def;2702_1;0;209840335;209840335;209840335;;;;;;;;;16:05:00;16:05:00;N36013;OSETH;Def;2;7803;02X;line02X (2025 08).xlsx;7803_1
F1;;ΚΑΘΗΜΕΡΙΝΗ-ΣΑΒΒΑΤΟ-Χ;Revenue;2025-07-01;2025-08-31;02X;OASTH;Def;2702_1;0;664372064;664372064;664372064;;;;;;;;;16:05:00;16:05:00;N1487;OSETH;Def;1;7802;02X;line02X (2025 08).xlsx;7802_2
F1;;ΚΑΘΗΜΕΡΙΝΗ-ΣΑΒΒΑΤΟ-Χ;Revenue;2025-07-01;2025-08-31;02X;OASTH;Def;2702_1;0;664372064;664372064;664372064;;;;;;;;;16:25:00;16:25:00;N36013;OSETH;Def;2;7802;02X;line02X (2025 08).xlsx;7802_2
F1;;ΚΑΘΗΜΕΡΙΝΗ-ΣΑΒΒΑΤΟ-Χ;Revenue;2025-07-01;2025-08-31;02X;OASTH;Def;2702_1;0;571088875;571088875;571088875;;;;;;;;;16:25:00;16:25:00;N1487;OSETH;Def;1;7801;02X;line02X (2025 08).xlsx;7801_2
F1;;ΚΑΘΗΜΕΡΙΝΗ-ΣΑΒΒΑΤΟ-Χ;Revenue;2025-07-01;2025-08-31;02X;OASTH;Def;2702_1;0;571088875;571088875;571088875;;;;;;;;;16:45:00;16:45:00;N36013;OSETH;Def;2;7801;02X;line02X (2025 08).xlsx;7801_2
F1;;ΚΑΘΗΜΕΡΙΝΗ-ΣΑΒΒΑΤΟ-Χ;Revenue;2025-07-01;2025-08-31;02X;OASTH;Def;2702_1;0;625367217;625367217;625367217;;;;;;;;;16:45:00;16:45:00;N1487;OSETH;Def;1;7803;02X;line02X (2025 08).xlsx;7803_2
F1;;ΚΑΘΗΜΕΡΙΝΗ-ΣΑΒΒΑΤΟ-Χ;Revenue;2025-07-01;2025-08-31;02X;OASTH;Def;2702_1;0;625367217;625367217;625367217;;;;;;;;;17:05:00;17:05:00;N36013;OSETH;Def;2;7803;02X;line02X (2025 08).xlsx;7803_2
F1;;ΚΑΘΗΜΕΡΙΝΗ-ΣΑΒΒΑΤΟ-Χ;Revenue;2025-07-01;2025-08-31;02X;OASTH;Def;2702_1;0;531125043;531125043;531125043;;;;;;;;;17:05:00;17:05:00;N1487;OSETH;Def;1;7802;02X;line02X (2025 08).xlsx;7802_2
F1;;ΚΑΘΗΜΕΡΙΝΗ-ΣΑΒΒΑΤΟ-Χ;Revenue;2025-07-01;2025-08-31;02X;OASTH;Def;2702_1;0;531125043;531125043;531125043;;;;;;;;;17:25:00;17:25:00;N36013;OSETH;Def;2;7802;02X;line02X (2025 08).xlsx;7802_2
F1;;ΚΑΘΗΜΕΡΙΝΗ-ΣΑΒΒΑΤΟ-Χ;Revenue;2025-07-01;2025-08-31;02X;OASTH;Def;2702_1;0;594059024;594059024;594059024;;;;;;;;;17:25:00;17:25:00;N1487;OSETH;Def;1;7801;02X;line02X (2025 08).xlsx;7801_2
F1;;ΚΑΘΗΜΕΡΙΝΗ-ΣΑΒΒΑΤΟ-Χ;Revenue;2025-07-01;2025-08-31;02X;OASTH;Def;2702_1;0;594059024;594059024;594059024;;;;;;;;;17:45:00;17:45:00;N36013;OSETH;Def;2;7801;02X;line02X (2025 08).xlsx;7801_2
F1;;ΚΑΘΗΜΕΡΙΝΗ-ΣΑΒΒΑΤΟ-Χ;Revenue;2025-07-01;2025-08-31;02X;OASTH;Def;2702_1;0;481323883;481323883;481323883;;;;;;;;;17:45:00;17:45:00;N1487;OSETH;Def;1;7803;02X;line02X (2025 08).xlsx;7803_2
F1;;ΚΑΘΗΜΕΡΙΝΗ-ΣΑΒΒΑΤΟ-Χ;Revenue;2025-07-01;2025-08-31;02X;OASTH;Def;2702_1;0;481323883;481323883;481323883;;;;;;;;;18:05:00;18:05:00;N36013;OSETH;Def;2;7803;02X;line02X (2025 08).xlsx;7803_2
F1;;ΚΑΘΗΜΕΡΙΝΗ-ΣΑΒΒΑΤΟ-Χ;Revenue;2025-07-01;2025-08-31;02X;OASTH;Def;2702_1;0;500800316;500800316;500800316;;;;;;;;;18:05:00;18:05:00;N1487;OSETH;Def;1;7802;02X;line02X (2025 08).xlsx;7802_2
F1;;ΚΑΘΗΜΕΡΙΝΗ-ΣΑΒΒΑΤΟ-Χ;Revenue;2025-07-01;2025-08-31;02X;OASTH;Def;2702_1;0;500800316;500800316;500800316;;;;;;;;;18:25:00;18:25:00;N36013;OSETH;Def;2;7802;02X;line02X (2025 08).xlsx;7802_2
F1;;ΚΑΘΗΜΕΡΙΝΗ-ΣΑΒΒΑΤΟ-Χ;Revenue;2025-07-01;2025-08-31;02X;OASTH;Def;2702_1;0;159153829;159153829;159153829;;;;;;;;;18:25:00;18:25:00;N1487;OSETH;Def;1;7801;02X;line02X (2025 08).xlsx;7801_2
F1;;ΚΑΘΗΜΕΡΙΝΗ-ΣΑΒΒΑΤΟ-Χ;Revenue;2025-07-01;2025-08-31;02X;OASTH;Def;2702_1;0;159153829;159153829;159153829;;;;;;;;;18:45:00;18:45:00;N36013;OSETH;Def;2;7801;02X;line02X (2025 08).xlsx;7801_2
F1;;ΚΑΘΗΜΕΡΙΝΗ-ΣΑΒΒΑΤΟ-Χ;Revenue;2025-07-01;2025-08-31;02X;OASTH;Def;2702_1;0;267087167;267087167;267087167;;;;;;;;;18:45:00;18:45:00;N1487;OSETH;Def;1;7803;02X;line02X (2025 08).xlsx;7803_2
F1;;ΚΑΘΗΜΕΡΙΝΗ-ΣΑΒΒΑΤΟ-Χ;Revenue;2025-07-01;2025-08-31;02X;OASTH;Def;2702_1;0;267087167;267087167;267087167;;;;;;;;;19:05:00;19:05:00;N36013;OSETH;Def;2;7803;02X;line02X (2025 08).xlsx;7803_2
F1;;ΚΑΘΗΜΕΡΙΝΗ-ΣΑΒΒΑΤΟ-Χ;Revenue;2025-07-01;2025-08-31;02X;OASTH;Def;2702_1;0;146076219;146076219;146076219;;;;;;;;;19:05:00;19:05:00;N1487;OSETH;Def;1;7802;02X;line02X (2025 08).xlsx;7802_2
F1;;ΚΑΘΗΜΕΡΙΝΗ-ΣΑΒΒΑΤΟ-Χ;Revenue;2025-07-01;2025-08-31;02X;OASTH;Def;2702_1;0;146076219;146076219;146076219;;;;;;;;;19:25:00;19:25:00;N36013;OSETH;Def;2;7802;02X;line02X (2025 08).xlsx;7802_2
F1;;ΚΑΘΗΜΕΡΙΝΗ-ΣΑΒΒΑΤΟ-Χ;Revenue;2025-07-01;2025-08-31;02X;OASTH;Def;2702_1;0;817081435;817081435;817081435;;;;;;;;;19:35:00;19:35:00;N1487;OSETH;Def;1;7801;02X;line02X (2025 08).xlsx;7801_2
F1;;ΚΑΘΗΜΕΡΙΝΗ-ΣΑΒΒΑΤΟ-Χ;Revenue;2025-07-01;2025-08-31;02X;OASTH;Def;2702_1;0;817081435;817081435;817081435;;;;;;;;;19:55:00;19:55:00;N36013;OSETH;Def;2;7801;02X;line02X (2025 08).xlsx;7801_2
F1;;ΚΑΘΗΜΕΡΙΝΗ-ΣΑΒΒΑΤΟ-Χ;Revenue;2025-07-01;2025-08-31;02X;OASTH;Def;2702_1;0;216436864;216436864;216436864;;;;;;;;;19:55:00;19:55:00;N1487;OSETH;Def;1;7803;02X;line02X (2025 08).xlsx;7803_2
F1;;ΚΑΘΗΜΕΡΙΝΗ-ΣΑΒΒΑΤΟ-Χ;Revenue;2025-07-01;2025-08-31;02X;OASTH;Def;2702_1;0;216436864;216436864;216436864;;;;;;;;;20:15:00;20:15:00;N36013;OSETH;Def;2;7803;02X;line02X (2025 08).xlsx;7803_2
F1;;ΚΑΘΗΜΕΡΙΝΗ-ΣΑΒΒΑΤΟ-Χ;Revenue;2025-07-01;2025-08-31;02X;OASTH;Def;2702_1;0;463893711;463893711;463893711;;;;;;;;;20:15:00;20:15:00;N1487;OSETH;Def;1;7802;02X;line02X (2025 08).xlsx;7802_2
F1;;ΚΑΘΗΜΕΡΙΝΗ-ΣΑΒΒΑΤΟ-Χ;Revenue;2025-07-01;2025-08-31;02X;OASTH;Def;2702_1;0;463893711;463893711;463893711;;;;;;;;;20:35:00;20:35:00;N36013;OSETH;Def;2;7802;02X;line02X (2025 08).xlsx;7802_2
F1;;ΚΑΘΗΜΕΡΙΝΗ-ΣΑΒΒΑΤΟ-Χ;Revenue;2025-07-01;2025-08-31;02X;OASTH;Def;2702_1;0;223546836;223546836;223546836;;;;;;;;;20:35:00;20:35:00;N1487;OSETH;Def;1;7801;02X;line02X (2025 08).xlsx;7801_2
F1;;ΚΑΘΗΜΕΡΙΝΗ-ΣΑΒΒΑΤΟ-Χ;Revenue;2025-07-01;2025-08-31;02X;OASTH;Def;2702_1;0;223546836;223546836;223546836;;;;;;;;;20:55:00;20:55:00;N36013;OSETH;Def;2;7801;02X;line02X (2025 08).xlsx;7801_2
F1;;ΚΑΘΗΜΕΡΙΝΗ-ΣΑΒΒΑΤΟ-Χ;Revenue;2025-07-01;2025-08-31;02X;OASTH;Def;2702_1;0;781269941;781269941;781269941;;;;;;;;;20:55:00;20:55:00;N1487;OSETH;Def;1;7803;02X;line02X (2025 08).xlsx;7803_2
F1;;ΚΑΘΗΜΕΡΙΝΗ-ΣΑΒΒΑΤΟ-Χ;Revenue;2025-07-01;2025-08-31;02X;OASTH;Def;2702_1;0;781269941;781269941;781269941;;;;;;;;;21:15:00;21:15:00;N36013;OSETH;Def;2;7803;02X;line02X (2025 08).xlsx;7803_2
F1;;ΚΑΘΗΜΕΡΙΝΗ-ΣΑΒΒΑΤΟ-Χ;Revenue;2025-07-01;2025-08-31;02X;OASTH;Def;2702_1;0;758050388;758050388;758050388;;;;;;;;;21:15:00;21:15:00;N1487;OSETH;Def;1;7802;02X;line02X (2025 08).xlsx;7802_2
F1;;ΚΑΘΗΜΕΡΙΝΗ-ΣΑΒΒΑΤΟ-Χ;Revenue;2025-07-01;2025-08-31;02X;OASTH;Def;2702_1;0;758050388;758050388;758050388;;;;;;;;;21:35:00;21:35:00;N36013;OSETH;Def;2;7802;02X;line02X (2025 08).xlsx;7802_2
F1;;ΚΑΘΗΜΕΡΙΝΗ-ΣΑΒΒΑΤΟ-Χ;Revenue;2025-07-01;2025-08-31;02X;OASTH;Def;2702_1;0;483155071;483155071;483155071;;;;;;;;;21:50:00;21:50:00;N1487;OSETH;Def;1;7803;02X;line02X (2025 08).xlsx;7803_2
F1;;ΚΑΘΗΜΕΡΙΝΗ-ΣΑΒΒΑΤΟ-Χ;Revenue;2025-07-01;2025-08-31;02X;OASTH;Def;2702_1;0;483155071;483155071;483155071;;;;;;;;;22:10:00;22:10:00;N36013;OSETH;Def;2;7803;02X;line02X (2025 08).xlsx;7803_2
F1;;ΚΑΘΗΜΕΡΙΝΗ-ΣΑΒΒΑΤΟ-Χ;Revenue;2025-07-01;2025-08-31;02X;OASTH;Def;2702_1;0;974197823;974197823;974197823;;;;;;;;;22:45:00;22:45:00;N1487;OSETH;Def;1;7803;02X;line02X (2025 08).xlsx;7803_2
F1;;ΚΑΘΗΜΕΡΙΝΗ-ΣΑΒΒΑΤΟ-Χ;Revenue;2025-07-01;2025-08-31;02X;OASTH;Def;2702_1;0;974197823;974197823;974197823;;;;;;;;;23:05:00;23:05:00;N36013;OSETH;Def;2;7803;02X;line02X (2025 08).xlsx;7803_2
F1;;ΚΑΘΗΜΕΡΙΝΗ-ΣΑΒΒΑΤΟ-Χ;Revenue;2025-07-01;2025-08-31;02X;OASTH;Def;2702_1;0;262087021;262087021;262087021;;;;;;;;;23:40:00;23:40:00;N1487;OSETH;Def;1;7803;02X;line02X (2025 08).xlsx;7803_2
F1;;ΚΑΘΗΜΕΡΙΝΗ-ΣΑΒΒΑΤΟ-Χ;Revenue;2025-07-01;2025-08-31;02X;OASTH;Def;2702_1;0;262087021;262087021;262087021;;;;;;;;;24:00:00;24:00:00;N36013;OSETH;Def;2;7803;02X;line02X (2025 08).xlsx;7803_2
F1;;ΚΑΘΗΜΕΡΙΝΗ-ΣΑΒΒΑΤΟ-Χ;Revenue;2025-07-01;2025-08-31;02X;OASTH;Def;2703_1;1;849448719;849448719;849448719;;;;;;;;;05:55:00;05:55:00;N36013;OSETH;Def;1;7801;02X;line02X (2025 08).xlsx;7801_1
F1;;ΚΑΘΗΜΕΡΙΝΗ-ΣΑΒΒΑΤΟ-Χ;Revenue;2025-07-01;2025-08-31;02X;OASTH;Def;2703_1;1;849448719;849448719;849448719;;;;;;;;;06:20:00;06:20:00;N1487;OSETH;Def;2;7801;02X;line02X (2025 08).xlsx;7801_1
F1;;ΚΑΘΗΜΕΡΙΝΗ-ΣΑΒΒΑΤΟ-Χ;Revenue;2025-07-01;2025-08-31;02X;OASTH;Def;2703_1;1;272952500;272952500;272952500;;;;;;;;;06:25:00;06:25:00;N36013;OSETH;Def;1;7802;02X;line02X (2025 08).xlsx;7802_1
F1;;ΚΑΘΗΜΕΡΙΝΗ-ΣΑΒΒΑΤΟ-Χ;Revenue;2025-07-01;2025-08-31;02X;OASTH;Def;2703_1;1;272952500;272952500;272952500;;;;;;;;;06:50:00;06:50:00;N1487;OSETH;Def;2;7802;02X;line02X (2025 08).xlsx;7802_1
F1;;ΚΑΘΗΜΕΡΙΝΗ-ΣΑΒΒΑΤΟ-Χ;Revenue;2025-07-01;2025-08-31;02X;OASTH;Def;2703_1;1;642958176;642958176;642958176;;;;;;;;;06:55:00;06:55:00;N36013;OSETH;Def;1;7801;02X;line02X (2025 08).xlsx;7801_1
F1;;ΚΑΘΗΜΕΡΙΝΗ-ΣΑΒΒΑΤΟ-Χ;Revenue;2025-07-01;2025-08-31;02X;OASTH;Def;2703_1;1;642958176;642958176;642958176;;;;;;;;;07:20:00;07:20:00;N1487;OSETH;Def;2;7801;02X;line02X (2025 08).xlsx;7801_1
F1;;ΚΑΘΗΜΕΡΙΝΗ-ΣΑΒΒΑΤΟ-Χ;Revenue;2025-07-01;2025-08-31;02X;OASTH;Def;2703_1;1;362388219;362388219;362388219;;;;;;;;;07:25:00;07:25:00;N36013;OSETH;Def;1;7802;02X;line02X (2025 08).xlsx;7802_1
F1;;ΚΑΘΗΜΕΡΙΝΗ-ΣΑΒΒΑΤΟ-Χ;Revenue;2025-07-01;2025-08-31;02X;OASTH;Def;2703_1;1;362388219;362388219;362388219;;;;;;;;;07:50:00;07:50:00;N1487;OSETH;Def;2;7802;02X;line02X (2025 08).xlsx;7802_1
F1;;ΚΑΘΗΜΕΡΙΝΗ-ΣΑΒΒΑΤΟ-Χ;Revenue;2025-07-01;2025-08-31;02X;OASTH;Def;2703_1;1;773154566;773154566;773154566;;;;;;;;;07:50:00;07:50:00;N36013;OSETH;Def;1;7801;02X;line02X (2025 08).xlsx;7801_1
F1;;ΚΑΘΗΜΕΡΙΝΗ-ΣΑΒΒΑΤΟ-Χ;Revenue;2025-07-01;2025-08-31;02X;OASTH;Def;2703_1;1;773154566;773154566;773154566;;;;;;;;;08:15:00;08:15:00;N1487;OSETH;Def;2;7801;02X;line02X (2025 08).xlsx;7801_1
F1;;ΚΑΘΗΜΕΡΙΝΗ-ΣΑΒΒΑΤΟ-Χ;Revenue;2025-07-01;2025-08-31;02X;OASTH;Def;2703_1;1;385691354;385691354;385691354;;;;;;;;;08:25:00;08:25:00;N36013;OSETH;Def;1;7802;02X;line02X (2025 08).xlsx;7802_1
F1;;ΚΑΘΗΜΕΡΙΝΗ-ΣΑΒΒΑΤΟ-Χ;Revenue;2025-07-01;2025-08-31;02X;OASTH;Def;2703_1;1;385691354;385691354;385691354;;;;;;;;;08:50:00;08:50:00;N1487;OSETH;Def;2;7802;02X;line02X (2025 08).xlsx;7802_1
F1;;ΚΑΘΗΜΕΡΙΝΗ-ΣΑΒΒΑΤΟ-Χ;Revenue;2025-07-01;2025-08-31;02X;OASTH;Def;2703_1;1;145836907;145836907;145836907;;;;;;;;;08:45:00;08:45:00;N36013;OSETH;Def;1;7801;02X;line02X (2025 08).xlsx;7801_1
F1;;ΚΑΘΗΜΕΡΙΝΗ-ΣΑΒΒΑΤΟ-Χ;Revenue;2025-07-01;2025-08-31;02X;OASTH;Def;2703_1;1;145836907;145836907;145836907;;;;;;;;;09:10:00;09:10:00;N1487;OSETH;Def;2;7801;02X;line02X (2025 08).xlsx;7801_1
F1;;ΚΑΘΗΜΕΡΙΝΗ-ΣΑΒΒΑΤΟ-Χ;Revenue;2025-07-01;2025-08-31;02X;OASTH;Def;2703_1;1;397192211;397192211;397192211;;;;;;;;;09:05:00;09:05:00;N36013;OSETH;Def;1;7803;02X;line02X (2025 08).xlsx;7803_1
F1;;ΚΑΘΗΜΕΡΙΝΗ-ΣΑΒΒΑΤΟ-Χ;Revenue;2025-07-01;2025-08-31;02X;OASTH;Def;2703_1;1;397192211;397192211;397192211;;;;;;;;;09:30:00;09:30:00;N1487;OSETH;Def;2;7803;02X;line02X (2025 08).xlsx;7803_1
F1;;ΚΑΘΗΜΕΡΙΝΗ-ΣΑΒΒΑΤΟ-Χ;Revenue;2025-07-01;2025-08-31;02X;OASTH;Def;2703_1;1;438306470;438306470;438306470;;;;;;;;;09:25:00;09:25:00;N36013;OSETH;Def;1;7802;02X;line02X (2025 08).xlsx;7802_1
F1;;ΚΑΘΗΜΕΡΙΝΗ-ΣΑΒΒΑΤΟ-Χ;Revenue;2025-07-01;2025-08-31;02X;OASTH;Def;2703_1;1;438306470;438306470;438306470;;;;;;;;;09:50:00;09:50:00;N1487;OSETH;Def;2;7802;02X;line02X (2025 08).xlsx;7802_1
F1;;ΚΑΘΗΜΕΡΙΝΗ-ΣΑΒΒΑΤΟ-Χ;Revenue;2025-07-01;2025-08-31;02X;OASTH;Def;2703_1;1;104932233;104932233;104932233;;;;;;;;;09:45:00;09:45:00;N36013;OSETH;Def;1;7801;02X;line02X (2025 08).xlsx;7801_1
F1;;ΚΑΘΗΜΕΡΙΝΗ-ΣΑΒΒΑΤΟ-Χ;Revenue;2025-07-01;2025-08-31;02X;OASTH;Def;2703_1;1;104932233;104932233;104932233;;;;;;;;;10:10:00;10:10:00;N1487;OSETH;Def;2;7801;02X;line02X (2025 08).xlsx;7801_1
F1;;ΚΑΘΗΜΕΡΙΝΗ-ΣΑΒΒΑΤΟ-Χ;Revenue;2025-07-01;2025-08-31;02X;OASTH;Def;2703_1;1;126033153;126033153;126033153;;;;;;;;;10:05:00;10:05:00;N36013;OSETH;Def;1;7803;02X;line02X (2025 08).xlsx;7803_1
F1;;ΚΑΘΗΜΕΡΙΝΗ-ΣΑΒΒΑΤΟ-Χ;Revenue;2025-07-01;2025-08-31;02X;OASTH;Def;2703_1;1;126033153;126033153;126033153;;;;;;;;;10:30:00;10:30:00;N1487;OSETH;Def;2;7803;02X;line02X (2025 08).xlsx;7803_1
F1;;ΚΑΘΗΜΕΡΙΝΗ-ΣΑΒΒΑΤΟ-Χ;Revenue;2025-07-01;2025-08-31;02X;OASTH;Def;2703_1;1;302689498;302689498;302689498;;;;;;;;;10:25:00;10:25:00;N36013;OSETH;Def;1;7802;02X;line02X (2025 08).xlsx;7802_1
F1;;ΚΑΘΗΜΕΡΙΝΗ-ΣΑΒΒΑΤΟ-Χ;Revenue;2025-07-01;2025-08-31;02X;OASTH;Def;2703_1;1;302689498;302689498;302689498;;;;;;;;;10:50:00;10:50:00;N1487;OSETH;Def;2;7802;02X;line02X (2025 08).xlsx;7802_1
F1;;ΚΑΘΗΜΕΡΙΝΗ-ΣΑΒΒΑΤΟ-Χ;Revenue;2025-07-01;2025-08-31;02X;OASTH;Def;2703_1;1;236001797;236001797;236001797;;;;;;;;;10:55:00;10:55:00;N36013;OSETH;Def;1;7801;02X;line02X (2025 08).xlsx;7801_1
F1;;ΚΑΘΗΜΕΡΙΝΗ-ΣΑΒΒΑΤΟ-Χ;Revenue;2025-07-01;2025-08-31;02X;OASTH;Def;2703_1;1;236001797;236001797;236001797;;;;;;;;;11:20:00;11:20:00;N1487;OSETH;Def;2;7801;02X;line02X (2025 08).xlsx;7801_1
F1;;ΚΑΘΗΜΕΡΙΝΗ-ΣΑΒΒΑΤΟ-Χ;Revenue;2025-07-01;2025-08-31;02X;OASTH;Def;2703_1;1;780567373;780567373;780567373;;;;;;;;;11:15:00;11:15:00;N36013;OSETH;Def;1;7803;02X;line02X (2025 08).xlsx;7803_1
F1;;ΚΑΘΗΜΕΡΙΝΗ-ΣΑΒΒΑΤΟ-Χ;Revenue;2025-07-01;2025-08-31;02X;OASTH;Def;2703_1;1;780567373;780567373;780567373;;;;;;;;;11:40:00;11:40:00;N1487;OSETH;Def;2;7803;02X;line02X (2025 08).xlsx;7803_1
F1;;ΚΑΘΗΜΕΡΙΝΗ-ΣΑΒΒΑΤΟ-Χ;Revenue;2025-07-01;2025-08-31;02X;OASTH;Def;2703_1;1;981395627;981395627;981395627;;;;;;;;;11:35:00;11:35:00;N36013;OSETH;Def;1;7802;02X;line02X (2025 08).xlsx;7802_1
F1;;ΚΑΘΗΜΕΡΙΝΗ-ΣΑΒΒΑΤΟ-Χ;Revenue;2025-07-01;2025-08-31;02X;OASTH;Def;2703_1;1;981395627;981395627;981395627;;;;;;;;;12:00:00;12:00:00;N1487;OSETH;Def;2;7802;02X;line02X (2025 08).xlsx;7802_1
F1;;ΚΑΘΗΜΕΡΙΝΗ-ΣΑΒΒΑΤΟ-Χ;Revenue;2025-07-01;2025-08-31;02X;OASTH;Def;2703_1;1;855519775;855519775;855519775;;;;;;;;;11:55:00;11:55:00;N36013;OSETH;Def;1;7801;02X;line02X (2025 08).xlsx;7801_1
F1;;ΚΑΘΗΜΕΡΙΝΗ-ΣΑΒΒΑΤΟ-Χ;Revenue;2025-07-01;2025-08-31;02X;OASTH;Def;2703_1;1;855519775;855519775;855519775;;;;;;;;;12:20:00;12:20:00;N1487;OSETH;Def;2;7801;02X;line02X (2025 08).xlsx;7801_1
F1;;ΚΑΘΗΜΕΡΙΝΗ-ΣΑΒΒΑΤΟ-Χ;Revenue;2025-07-01;2025-08-31;02X;OASTH;Def;2703_1;1;884712872;884712872;884712872;;;;;;;;;12:15:00;12:15:00;N36013;OSETH;Def;1;7803;02X;line02X (2025 08).xlsx;7803_1
F1;;ΚΑΘΗΜΕΡΙΝΗ-ΣΑΒΒΑΤΟ-Χ;Revenue;2025-07-01;2025-08-31;02X;OASTH;Def;2703_1;1;884712872;884712872;884712872;;;;;;;;;12:40:00;12:40:00;N1487;OSETH;Def;2;7803;02X;line02X (2025 08).xlsx;7803_1
F1;;ΚΑΘΗΜΕΡΙΝΗ-ΣΑΒΒΑΤΟ-Χ;Revenue;2025-07-01;2025-08-31;02X;OASTH;Def;2703_1;1;798733352;798733352;798733352;;;;;;;;;12:35:00;12:35:00;N36013;OSETH;Def;1;7802;02X;line02X (2025 08).xlsx;7802_1
F1;;ΚΑΘΗΜΕΡΙΝΗ-ΣΑΒΒΑΤΟ-Χ;Revenue;2025-07-01;2025-08-31;02X;OASTH;Def;2703_1;1;798733352;798733352;798733352;;;;;;;;;13:00:00;13:00:00;N1487;OSETH;Def;2;7802;02X;line02X (2025 08).xlsx;7802_1
F1;;ΚΑΘΗΜΕΡΙΝΗ-ΣΑΒΒΑΤΟ-Χ;Revenue;2025-07-01;2025-08-31;02X;OASTH;Def;2703_1;1;414870313;414870313;414870313;;;;;;;;;12:50:00;12:50:00;N36013;OSETH;Def;1;7801;02X;line02X (2025 08).xlsx;7801_1
F1;;ΚΑΘΗΜΕΡΙΝΗ-ΣΑΒΒΑΤΟ-Χ;Revenue;2025-07-01;2025-08-31;02X;OASTH;Def;2703_1;1;414870313;414870313;414870313;;;;;;;;;13:15:00;13:15:00;N1487;OSETH;Def;2;7801;02X;line02X (2025 08).xlsx;7801_1
F1;;ΚΑΘΗΜΕΡΙΝΗ-ΣΑΒΒΑΤΟ-Χ;Revenue;2025-07-01;2025-08-31;02X;OASTH;Def;2703_1;1;995739898;995739898;995739898;;;;;;;;;13:10:00;13:10:00;N36013;OSETH;Def;1;7803;02X;line02X (2025 08).xlsx;7803_1
F1;;ΚΑΘΗΜΕΡΙΝΗ-ΣΑΒΒΑΤΟ-Χ;Revenue;2025-07-01;2025-08-31;02X;OASTH;Def;2703_1;1;995739898;995739898;995739898;;;;;;;;;13:35:00;13:35:00;N1487;OSETH;Def;2;7803;02X;line02X (2025 08).xlsx;7803_1
F1;;ΚΑΘΗΜΕΡΙΝΗ-ΣΑΒΒΑΤΟ-Χ;Revenue;2025-07-01;2025-08-31;02X;OASTH;Def;2703_1;1;414538495;414538495;414538495;;;;;;;;;13:30:00;13:30:00;N36013;OSETH;Def;1;7802;02X;line02X (2025 08).xlsx;7802_1
F1;;ΚΑΘΗΜΕΡΙΝΗ-ΣΑΒΒΑΤΟ-Χ;Revenue;2025-07-01;2025-08-31;02X;OASTH;Def;2703_1;1;414538495;414538495;414538495;;;;;;;;;13:55:00;13:55:00;N1487;OSETH;Def;2;7802;02X;line02X (2025 08).xlsx;7802_1
F1;;ΚΑΘΗΜΕΡΙΝΗ-ΣΑΒΒΑΤΟ-Χ;Revenue;2025-07-01;2025-08-31;02X;OASTH;Def;2703_1;1;914288642;914288642;914288642;;;;;;;;;13:50:00;13:50:00;N36013;OSETH;Def;1;7801;02X;line02X (2025 08).xlsx;7801_2
F1;;ΚΑΘΗΜΕΡΙΝΗ-ΣΑΒΒΑΤΟ-Χ;Revenue;2025-07-01;2025-08-31;02X;OASTH;Def;2703_1;1;914288642;914288642;914288642;;;;;;;;;14:15:00;14:15:00;N1487;OSETH;Def;2;7801;02X;line02X (2025 08).xlsx;7801_2
F1;;ΚΑΘΗΜΕΡΙΝΗ-ΣΑΒΒΑΤΟ-Χ;Revenue;2025-07-01;2025-08-31;02X;OASTH;Def;2703_1;1;909128435;909128435;909128435;;;;;;;;;14:10:00;14:10:00;N36013;OSETH;Def;1;7803;02X;line02X (2025 08).xlsx;7803_1
F1;;ΚΑΘΗΜΕΡΙΝΗ-ΣΑΒΒΑΤΟ-Χ;Revenue;2025-07-01;2025-08-31;02X;OASTH;Def;2703_1;1;909128435;909128435;909128435;;;;;;;;;14:35:00;14:35:00;N1487;OSETH;Def;2;7803;02X;line02X (2025 08).xlsx;7803_1
F1;;ΚΑΘΗΜΕΡΙΝΗ-ΣΑΒΒΑΤΟ-Χ;Revenue;2025-07-01;2025-08-31;02X;OASTH;Def;2703_1;1;423984319;423984319;423984319;;;;;;;;;14:30:00;14:30:00;N36013;OSETH;Def;1;7802;02X;line02X (2025 08).xlsx;7802_2
F1;;ΚΑΘΗΜΕΡΙΝΗ-ΣΑΒΒΑΤΟ-Χ;Revenue;2025-07-01;2025-08-31;02X;OASTH;Def;2703_1;1;423984319;423984319;423984319;;;;;;;;;14:55:00;14:55:00;N1487;OSETH;Def;2;7802;02X;line02X (2025 08).xlsx;7802_2
F1;;ΚΑΘΗΜΕΡΙΝΗ-ΣΑΒΒΑΤΟ-Χ;Revenue;2025-07-01;2025-08-31;02X;OASTH;Def;2703_1;1;558271549;558271549;558271549;;;;;;;;;14:50:00;14:50:00;N36013;OSETH;Def;1;7801;02X;line02X (2025 08).xlsx;7801_2
F1;;ΚΑΘΗΜΕΡΙΝΗ-ΣΑΒΒΑΤΟ-Χ;Revenue;2025-07-01;2025-08-31;02X;OASTH;Def;2703_1;1;558271549;558271549;558271549;;;;;;;;;15:15:00;15:15:00;N1487;OSETH;Def;2;7801;02X;line02X (2025 08).xlsx;7801_2
F1;;ΚΑΘΗΜΕΡΙΝΗ-ΣΑΒΒΑΤΟ-Χ;Revenue;2025-07-01;2025-08-31;02X;OASTH;Def;2703_1;1;600611937;600611937;600611937;;;;;;;;;15:10:00;15:10:00;N36013;OSETH;Def;1;7803;02X;line02X (2025 08).xlsx;7803_1
F1;;ΚΑΘΗΜΕΡΙΝΗ-ΣΑΒΒΑΤΟ-Χ;Revenue;2025-07-01;2025-08-31;02X;OASTH;Def;2703_1;1;600611937;600611937;600611937;;;;;;;;;15:35:00;15:35:00;N1487;OSETH;Def;2;7803;02X;line02X (2025 08).xlsx;7803_1
F1;;ΚΑΘΗΜΕΡΙΝΗ-ΣΑΒΒΑΤΟ-Χ;Revenue;2025-07-01;2025-08-31;02X;OASTH;Def;2703_1;1;756811199;756811199;756811199;;;;;;;;;15:30:00;15:30:00;N36013;OSETH;Def;1;7802;02X;line02X (2025 08).xlsx;7802_2
F1;;ΚΑΘΗΜΕΡΙΝΗ-ΣΑΒΒΑΤΟ-Χ;Revenue;2025-07-01;2025-08-31;02X;OASTH;Def;2703_1;1;756811199;756811199;756811199;;;;;;;;;15:55:00;15:55:00;N1487;OSETH;Def;2;7802;02X;line02X (2025 08).xlsx;7802_2
F1;;ΚΑΘΗΜΕΡΙΝΗ-ΣΑΒΒΑΤΟ-Χ;Revenue;2025-07-01;2025-08-31;02X;OASTH;Def;2703_1;1;545892949;545892949;545892949;;;;;;;;;15:50:00;15:50:00;N36013;OSETH;Def;1;7801;02X;line02X (2025 08).xlsx;7801_2
F1;;ΚΑΘΗΜΕΡΙΝΗ-ΣΑΒΒΑΤΟ-Χ;Revenue;2025-07-01;2025-08-31;02X;OASTH;Def;2703_1;1;545892949;545892949;545892949;;;;;;;;;16:15:00;16:15:00;N1487;OSETH;Def;2;7801;02X;line02X (2025 08).xlsx;7801_2
F1;;ΚΑΘΗΜΕΡΙΝΗ-ΣΑΒΒΑΤΟ-Χ;Revenue;2025-07-01;2025-08-31;02X;OASTH;Def;2703_1;1;683563779;683563779;683563779;;;;;;;;;16:10:00;16:10:00;N36013;OSETH;Def;1;7803;02X;line02X (2025 08).xlsx;7803_1
F1;;ΚΑΘΗΜΕΡΙΝΗ-ΣΑΒΒΑΤΟ-Χ;Revenue;2025-07-01;2025-08-31;02X;OASTH;Def;2703_1;1;683563779;683563779;683563779;;;;;;;;;16:35:00;16:35:00;N1487;OSETH;Def;2;7803;02X;line02X (2025 08).xlsx;7803_1
F1;;ΚΑΘΗΜΕΡΙΝΗ-ΣΑΒΒΑΤΟ-Χ;Revenue;2025-07-01;2025-08-31;02X;OASTH;Def;2703_1;1;366501858;366501858;366501858;;;;;;;;;16:30:00;16:30:00;N36013;OSETH;Def;1;7802;02X;line02X (2025 08).xlsx;7802_2
F1;;ΚΑΘΗΜΕΡΙΝΗ-ΣΑΒΒΑΤΟ-Χ;Revenue;2025-07-01;2025-08-31;02X;OASTH;Def;2703_1;1;366501858;366501858;366501858;;;;;;;;;16:55:00;16:55:00;N1487;OSETH;Def;2;7802;02X;line02X (2025 08).xlsx;7802_2
F1;;ΚΑΘΗΜΕΡΙΝΗ-ΣΑΒΒΑΤΟ-Χ;Revenue;2025-07-01;2025-08-31;02X;OASTH;Def;2703_1;1;834386165;834386165;834386165;;;;;;;;;16:50:00;16:50:00;N36013;OSETH;Def;1;7801;02X;line02X (2025 08).xlsx;7801_2
F1;;ΚΑΘΗΜΕΡΙΝΗ-ΣΑΒΒΑΤΟ-Χ;Revenue;2025-07-01;2025-08-31;02X;OASTH;Def;2703_1;1;834386165;834386165;834386165;;;;;;;;;17:15:00;17:15:00;N1487;OSETH;Def;2;7801;02X;line02X (2025 08).xlsx;7801_2
F1;;ΚΑΘΗΜΕΡΙΝΗ-ΣΑΒΒΑΤΟ-Χ;Revenue;2025-07-01;2025-08-31;02X;OASTH;Def;2703_1;1;677470116;677470116;677470116;;;;;;;;;17:10:00;17:10:00;N36013;OSETH;Def;1;7803;02X;line02X (2025 08).xlsx;7803_2
F1;;ΚΑΘΗΜΕΡΙΝΗ-ΣΑΒΒΑΤΟ-Χ;Revenue;2025-07-01;2025-08-31;02X;OASTH;Def;2703_1;1;677470116;677470116;677470116;;;;;;;;;17:35:00;17:35:00;N1487;OSETH;Def;2;7803;02X;line02X (2025 08).xlsx;7803_2
F1;;ΚΑΘΗΜΕΡΙΝΗ-ΣΑΒΒΑΤΟ-Χ;Revenue;2025-07-01;2025-08-31;02X;OASTH;Def;2703_1;1;864427393;864427393;864427393;;;;;;;;;17:30:00;17:30:00;N36013;OSETH;Def;1;7802;02X;line02X (2025 08).xlsx;7802_2
F1;;ΚΑΘΗΜΕΡΙΝΗ-ΣΑΒΒΑΤΟ-Χ;Revenue;2025-07-01;2025-08-31;02X;OASTH;Def;2703_1;1;864427393;864427393;864427393;;;;;;;;;17:55:00;17:55:00;N1487;OSETH;Def;2;7802;02X;line02X (2025 08).xlsx;7802_2
F1;;ΚΑΘΗΜΕΡΙΝΗ-ΣΑΒΒΑΤΟ-Χ;Revenue;2025-07-01;2025-08-31;02X;OASTH;Def;2703_1;1;639854735;639854735;639854735;;;;;;;;;17:50:00;17:50:00;N36013;OSETH;Def;1;7801;02X;line02X (2025 08).xlsx;7801_2
F1;;ΚΑΘΗΜΕΡΙΝΗ-ΣΑΒΒΑΤΟ-Χ;Revenue;2025-07-01;2025-08-31;02X;OASTH;Def;2703_1;1;639854735;639854735;639854735;;;;;;;;;18:15:00;18:15:00;N1487;OSETH;Def;2;7801;02X;line02X (2025 08).xlsx;7801_2
F1;;ΚΑΘΗΜΕΡΙΝΗ-ΣΑΒΒΑΤΟ-Χ;Revenue;2025-07-01;2025-08-31;02X;OASTH;Def;2703_1;1;256376214;256376214;256376214;;;;;;;;;18:10:00;18:10:00;N36013;OSETH;Def;1;7803;02X;line02X (2025 08).xlsx;7803_2
F1;;ΚΑΘΗΜΕΡΙΝΗ-ΣΑΒΒΑΤΟ-Χ;Revenue;2025-07-01;2025-08-31;02X;OASTH;Def;2703_1;1;256376214;256376214;256376214;;;;;;;;;18:35:00;18:35:00;N1487;OSETH;Def;2;7803;02X;line02X (2025 08).xlsx;7803_2
F1;;ΚΑΘΗΜΕΡΙΝΗ-ΣΑΒΒΑΤΟ-Χ;Revenue;2025-07-01;2025-08-31;02X;OASTH;Def;2703_1;1;476430251;476430251;476430251;;;;;;;;;18:30:00;18:30:00;N36013;OSETH;Def;1;7802;02X;line02X (2025 08).xlsx;7802_2
F1;;ΚΑΘΗΜΕΡΙΝΗ-ΣΑΒΒΑΤΟ-Χ;Revenue;2025-07-01;2025-08-31;02X;OASTH;Def;2703_1;1;476430251;476430251;476430251;;;;;;;;;18:55:00;18:55:00;N1487;OSETH;Def;2;7802;02X;line02X (2025 08).xlsx;7802_2
F1;;ΚΑΘΗΜΕΡΙΝΗ-ΣΑΒΒΑΤΟ-Χ;Revenue;2025-07-01;2025-08-31;02X;OASTH;Def;2703_1;1;844983301;844983301;844983301;;;;;;;;;18:50:00;18:50:00;N36013;OSETH;Def;1;7801;02X;line02X (2025 08).xlsx;7801_2
F1;;ΚΑΘΗΜΕΡΙΝΗ-ΣΑΒΒΑΤΟ-Χ;Revenue;2025-07-01;2025-08-31;02X;OASTH;Def;2703_1;1;844983301;844983301;844983301;;;;;;;;;19:15:00;19:15:00;N1487;OSETH;Def;2;7801;02X;line02X (2025 08).xlsx;7801_2
F1;;ΚΑΘΗΜΕΡΙΝΗ-ΣΑΒΒΑΤΟ-Χ;Revenue;2025-07-01;2025-08-31;02X;OASTH;Def;2703_1;1;789193348;789193348;789193348;;;;;;;;;19:10:00;19:10:00;N36013;OSETH;Def;1;7803;02X;line02X (2025 08).xlsx;7803_2
F1;;ΚΑΘΗΜΕΡΙΝΗ-ΣΑΒΒΑΤΟ-Χ;Revenue;2025-07-01;2025-08-31;02X;OASTH;Def;2703_1;1;789193348;789193348;789193348;;;;;;;;;19:35:00;19:35:00;N1487;OSETH;Def;2;7803;02X;line02X (2025 08).xlsx;7803_2
F1;;ΚΑΘΗΜΕΡΙΝΗ-ΣΑΒΒΑΤΟ-Χ;Revenue;2025-07-01;2025-08-31;02X;OASTH;Def;2703_1;1;545975306;545975306;545975306;;;;;;;;;19:30:00;19:30:00;N36013;OSETH;Def;1;7802;02X;line02X (2025 08).xlsx;7802_2
F1;;ΚΑΘΗΜΕΡΙΝΗ-ΣΑΒΒΑΤΟ-Χ;Revenue;2025-07-01;2025-08-31;02X;OASTH;Def;2703_1;1;545975306;545975306;545975306;;;;;;;;;19:55:00;19:55:00;N1487;OSETH;Def;2;7802;02X;line02X (2025 08).xlsx;7802_2
F1;;ΚΑΘΗΜΕΡΙΝΗ-ΣΑΒΒΑΤΟ-Χ;Revenue;2025-07-01;2025-08-31;02X;OASTH;Def;2703_1;1;883528036;883528036;883528036;;;;;;;;;20:00:00;20:00:00;N36013;OSETH;Def;1;7801;02X;line02X (2025 08).xlsx;7801_2
F1;;ΚΑΘΗΜΕΡΙΝΗ-ΣΑΒΒΑΤΟ-Χ;Revenue;2025-07-01;2025-08-31;02X;OASTH;Def;2703_1;1;883528036;883528036;883528036;;;;;;;;;20:25:00;20:25:00;N1487;OSETH;Def;2;7801;02X;line02X (2025 08).xlsx;7801_2
F1;;ΚΑΘΗΜΕΡΙΝΗ-ΣΑΒΒΑΤΟ-Χ;Revenue;2025-07-01;2025-08-31;02X;OASTH;Def;2703_1;1;870631724;870631724;870631724;;;;;;;;;20:20:00;20:20:00;N36013;OSETH;Def;1;7803;02X;line02X (2025 08).xlsx;7803_2
F1;;ΚΑΘΗΜΕΡΙΝΗ-ΣΑΒΒΑΤΟ-Χ;Revenue;2025-07-01;2025-08-31;02X;OASTH;Def;2703_1;1;870631724;870631724;870631724;;;;;;;;;20:45:00;20:45:00;N1487;OSETH;Def;2;7803;02X;line02X (2025 08).xlsx;7803_2
F1;;ΚΑΘΗΜΕΡΙΝΗ-ΣΑΒΒΑΤΟ-Χ;Revenue;2025-07-01;2025-08-31;02X;OASTH;Def;2703_1;1;899630762;899630762;899630762;;;;;;;;;20:40:00;20:40:00;N36013;OSETH;Def;1;7802;02X;line02X (2025 08).xlsx;7802_2
F1;;ΚΑΘΗΜΕΡΙΝΗ-ΣΑΒΒΑΤΟ-Χ;Revenue;2025-07-01;2025-08-31;02X;OASTH;Def;2703_1;1;899630762;899630762;899630762;;;;;;;;;21:05:00;21:05:00;N1487;OSETH;Def;2;7802;02X;line02X (2025 08).xlsx;7802_2
F1;;ΚΑΘΗΜΕΡΙΝΗ-ΣΑΒΒΑΤΟ-Χ;Revenue;2025-07-01;2025-08-31;02X;OASTH;Def;2703_1;1;500439475;500439475;500439475;;;;;;;;;21:00:00;21:00:00;N36013;OSETH;Def;1;7801;02X;line02X (2025 08).xlsx;7801_2
F1;;ΚΑΘΗΜΕΡΙΝΗ-ΣΑΒΒΑΤΟ-Χ;Revenue;2025-07-01;2025-08-31;02X;OASTH;Def;2703_1;1;500439475;500439475;500439475;;;;;;;;;21:25:00;21:25:00;N1487;OSETH;Def;2;7801;02X;line02X (2025 08).xlsx;7801_2
F1;;ΚΑΘΗΜΕΡΙΝΗ-ΣΑΒΒΑΤΟ-Χ;Revenue;2025-07-01;2025-08-31;02X;OASTH;Def;2703_1;1;868854336;868854336;868854336;;;;;;;;;21:20:00;21:20:00;N36013;OSETH;Def;1;7803;02X;line02X (2025 08).xlsx;7803_2
F1;;ΚΑΘΗΜΕΡΙΝΗ-ΣΑΒΒΑΤΟ-Χ;Revenue;2025-07-01;2025-08-31;02X;OASTH;Def;2703_1;1;868854336;868854336;868854336;;;;;;;;;21:45:00;21:45:00;N1487;OSETH;Def;2;7803;02X;line02X (2025 08).xlsx;7803_2
F1;;ΚΑΘΗΜΕΡΙΝΗ-ΣΑΒΒΑΤΟ-Χ;Revenue;2025-07-01;2025-08-31;02X;OASTH;Def;2703_1;1;290295331;290295331;290295331;;;;;;;;;21:40:00;21:40:00;N36013;OSETH;Def;1;7802;02X;line02X (2025 08).xlsx;7802_2
F1;;ΚΑΘΗΜΕΡΙΝΗ-ΣΑΒΒΑΤΟ-Χ;Revenue;2025-07-01;2025-08-31;02X;OASTH;Def;2703_1;1;290295331;290295331;290295331;;;;;;;;;22:05:00;22:05:00;N1487;OSETH;Def;2;7802;02X;line02X (2025 08).xlsx;7802_2
F1;;ΚΑΘΗΜΕΡΙΝΗ-ΣΑΒΒΑΤΟ-Χ;Revenue;2025-07-01;2025-08-31;02X;OASTH;Def;2703_1;1;168123746;168123746;168123746;;;;;;;;;22:10:00;22:10:00;N36013;OSETH;Def;1;7803;02X;line02X (2025 08).xlsx;7803_2
F1;;ΚΑΘΗΜΕΡΙΝΗ-ΣΑΒΒΑΤΟ-Χ;Revenue;2025-07-01;2025-08-31;02X;OASTH;Def;2703_1;1;168123746;168123746;168123746;;;;;;;;;22:35:00;22:35:00;N1487;OSETH;Def;2;7803;02X;line02X (2025 08).xlsx;7803_2
F1;;ΚΑΘΗΜΕΡΙΝΗ-ΣΑΒΒΑΤΟ-Χ;Revenue;2025-07-01;2025-08-31;02X;OASTH;Def;2703_1;1;984355362;984355362;984355362;;;;;;;;;23:10:00;23:10:00;N36013;OSETH;Def;1;7803;02X;line02X (2025 08).xlsx;7803_2
F1;;ΚΑΘΗΜΕΡΙΝΗ-ΣΑΒΒΑΤΟ-Χ;Revenue;2025-07-01;2025-08-31;02X;OASTH;Def;2703_1;1;984355362;984355362;984355362;;;;;;;;;23:35:00;23:35:00;N1487;OSETH;Def;2;7803;02X;line02X (2025 08).xlsx;7803_2
F1;;ΚΑΘΗΜΕΡΙΝΗ-ΣΑΒΒΑΤΟ-Χ;Revenue;2025-07-01;2025-08-31;02X;OASTH;Def;2703_1;1;511075743;511075743;511075743;;;;;;;;;24:00:00;24:00:00;N36013;OSETH;Def;1;7803;02X;line02X (2025 08).xlsx;7803_2
F1;;ΚΑΘΗΜΕΡΙΝΗ-ΣΑΒΒΑΤΟ-Χ;Revenue;2025-07-01;2025-08-31;02X;OASTH;Def;2703_1;1;511075743;511075743;511075743;;;;;;;;;24:25:00;24:25:00;N1487;OSETH;Def;2;7803;02X;line02X (2025 08).xlsx;7803_2
